<?xml version="1.0" encoding="UTF-8" ?>
<machine_definition>
    <machine_data name="Generic Fanuc Mill-Turn LTX" version="1.8" units="metric" controller="">
        <view_transform initialvalue="1.00000000,0.00000000,0.00000000,0.00000000,0.00000000,1.00000000,0.00000000,0.00000000,0.00000000,0.00000000,1.00000000,0.00000000,0.00000000,0.00000000,0.00000000,1.00000000" />
    </machine_data>
    <axis id="2000" type="translation" x="0.00000000" y="1.00000000" z="0.00000000" minvalue="-1000.000000" maxvalue="1000.000000" valuetype="cont" show_slider="false" initial_value="0.000000" />
    <axis id="C1_SVP" type="rotation" x="-1.00000000" y="-0.00000000" z="-0.00000000" minvalue="-36000000.000000" maxvalue="36000000.000000" valuetype="cont" initial_value="0.000000" rzx="0.00000000" rzy="0.00000000" rzz="0.00000000">
        <geometry name="c1 axis" geo="" clrr="0.00000000" clrg="0.00000000" clrb="0.00000000" alpha="0.00" reflectivity="0.00" reflectivityBitmapFileName="" objtype="geometry" />
        <revolving_set id="workpiece_transform_spindle" reverse_workpiece_spindle_orientation="false" objtype="workpiece_spindle">
            <transform id="workpiece_transform" initialvalue="1.00000000,0.00000000,0.00000000,0.00000000,0.00000000,1.00000000,0.00000000,0.00000000,0.00000000,0.00000000,1.00000000,0.00000000,0.00000000,0.00000000,0.00000000,1.00000000">
                <axis id="initialValue_left" type="translation" x="1.00000000" y="0.00000000" z="0.00000000" minvalue="-1000.000000" maxvalue="1000.000000" valuetype="cont" show_slider="false" initial_value="1.490000" />
                <transform id="left_chuck_transform" initialvalue="1.00000000,0.00000000,0.00000000,-0.02000000,0.00000000,1.00000000,0.00000000,0.00000000,0.00000000,0.00000000,1.00000000,0.00000000,0.00000000,0.00000000,0.00000000,1.00000000">
                    <geometry name="left chuck0" geo="left chuck0.mco" clrr="0.75294119" clrg="0.75294119" clrb="0.75294119" alpha="0.50" reflectivity="0.00" reflectivityBitmapFileName="" objtype="fixture" />
                    <axis id="left_chuck_jaw1" type="translation" x="0.00000000" y="-0.50000000" z="-0.86602539" minvalue="0.000000" maxvalue="127.000000" valuetype="cont" show_slider="false" initial_value="37.260000">
                        <transform id="chuck jaws (left spindle)0_tr" initialvalue="1.00000000,0.00000000,0.00000000,-0.00000000,0.00000000,1.00000000,0.00000000,18.62500000,0.00000000,0.00000000,1.00000000,32.25944519,0.00000000,0.00000000,0.00000000,1.00000000">
                            <geometry name="chuck jaws (left spindle)0" geo="chuck jaws (left spindle)0.mco" clrr="0.40000001" clrg="0.60000002" clrb="0.80000001" alpha="0.50" reflectivity="0.00" reflectivityBitmapFileName="" objtype="fixture" />
                        </transform>
                    </axis>
                    <axis id="left_chuck_jaw2" type="translation" x="0.00000000" y="-0.50000000" z="0.86602539" minvalue="0.000000" maxvalue="127.000000" valuetype="cont" show_slider="false" initial_value="37.260000">
                        <transform id="chuck jaws (left spindle)1_tr" initialvalue="1.00000000,0.00000000,0.00000000,-0.00000000,0.00000000,1.00000000,0.00000000,18.62500000,0.00000000,0.00000000,1.00000000,-32.25944519,0.00000000,0.00000000,0.00000000,1.00000000">
                            <geometry name="chuck jaws (left spindle)1" geo="chuck jaws (left spindle)1.mco" clrr="0.40000001" clrg="0.60000002" clrb="0.80000001" alpha="0.50" reflectivity="0.00" reflectivityBitmapFileName="" objtype="fixture" />
                        </transform>
                    </axis>
                    <axis id="left_chuck_jaw3" type="translation" x="0.00000000" y="1.00000000" z="0.00000000" minvalue="0.000000" maxvalue="127.000000" valuetype="cont" show_slider="false" initial_value="37.260000">
                        <transform id="chuck jaws (left spindle)2_tr" initialvalue="1.00000000,0.00000000,0.00000000,-0.00000000,0.00000000,1.00000000,0.00000000,-37.25000000,0.00000000,0.00000000,1.00000000,-0.00000000,0.00000000,0.00000000,0.00000000,1.00000000">
                            <geometry name="chuck jaws (left spindle)2" geo="chuck jaws (left spindle)2.mco" clrr="0.40000001" clrg="0.60000002" clrb="0.80000001" alpha="0.50" reflectivity="0.00" reflectivityBitmapFileName="" objtype="fixture" />
                        </transform>
                    </axis>
                </transform>
                <transform id="workpiece_adapter" initialvalue="1.00000000,0.00000000,0.00000000,0.00000000,0.00000000,1.00000000,0.00000000,0.00000000,0.00000000,0.00000000,1.00000000,0.00000000,0.00000000,0.00000000,0.00000000,1.00000000" objtype="mountadapter" />
            </transform>
        </revolving_set>
    </axis>
    <axis id="Phantom_TC" type="translation" x="0.00000000" y="1.00000000" z="0.00000000" minvalue="-1000.000000" maxvalue="1000.000000" valuetype="cont" show_slider="false" initial_value="0.000000" />
    <axis id="T_f_axis" type="translation" x="0.00000000" y="1.00000000" z="0.00000000" minvalue="-1000000.000000" maxvalue="1000000.000000" valuetype="cont" show_slider="false" initial_value="0.000000" />
    <axis id="W_SVP" type="translation" x="1.00000000" y="0.00000000" z="0.00000000" minvalue="-750.000000" maxvalue="0.000000" valuetype="cont" initial_value="0.000000">
        <axis id="C2_SVP" type="rotation" x="-1.00000000" y="-0.00000000" z="-0.00000000" minvalue="-36000000.000000" maxvalue="36000000.000000" valuetype="cont" initial_value="0.000000" rzx="975.00000000" rzy="0.00000000" rzz="0.00000000">
            <geometry name="c2 axis" geo="" clrr="0.00000000" clrg="0.00000000" clrb="0.00000000" alpha="0.00" reflectivity="0.00" reflectivityBitmapFileName="" objtype="geometry" />
            <revolving_set id="workpiece_transform2_spindle" reverse_workpiece_spindle_orientation="true" objtype="workpiece_spindle">
                <transform id="workpiece_transform2" initialvalue="1.00000000,0.00000000,0.00000000,0.00000000,0.00000000,1.00000000,0.00000000,0.00000000,0.00000000,0.00000000,1.00000000,0.00000000,0.00000000,0.00000000,0.00000000,1.00000000">
                    <axis id="initialValue_right" type="translation" x="1.00000000" y="0.00000000" z="0.00000000" minvalue="-1000.000000" maxvalue="1000.000000" valuetype="cont" show_slider="false" initial_value="1.490000" />
                    <transform id="right_chuck_transform" initialvalue="1.00000000,0.00000000,0.00000000,0.02000000,0.00000000,1.00000000,0.00000000,0.00000000,0.00000000,0.00000000,1.00000000,0.00000000,0.00000000,0.00000000,0.00000000,1.00000000">
                        <geometry name="right chuck0" geo="right chuck0.mco" clrr="0.75294119" clrg="0.75294119" clrb="0.75294119" alpha="0.50" reflectivity="0.00" reflectivityBitmapFileName="" objtype="fixture" />
                        <axis id="right_chuck_jaw1" type="translation" x="0.00000000" y="-0.50000000" z="0.86602539" minvalue="0.000000" maxvalue="105.000000" valuetype="cont" show_slider="false" initial_value="37.260000">
                            <transform id="chuck jaws (right spindle)0_tr" initialvalue="1.00000000,0.00000000,0.00000000,-0.00000000,0.00000000,1.00000000,0.00000000,18.62500000,0.00000000,0.00000000,1.00000000,-32.25944519,0.00000000,0.00000000,0.00000000,1.00000000">
                                <geometry name="chuck jaws (right spindle)0" geo="chuck jaws (right spindle)0.mco" clrr="0.40000001" clrg="0.60000002" clrb="0.80000001" alpha="0.50" reflectivity="0.00" reflectivityBitmapFileName="" objtype="fixture" />
                            </transform>
                        </axis>
                        <axis id="right_chuck_jaw2" type="translation" x="0.00000000" y="-0.50000000" z="-0.86602539" minvalue="0.000000" maxvalue="105.000000" valuetype="cont" show_slider="false" initial_value="37.260000">
                            <transform id="chuck jaws (right spindle)1_tr" initialvalue="1.00000000,0.00000000,0.00000000,-0.00000000,0.00000000,1.00000000,0.00000000,18.62500000,0.00000000,0.00000000,1.00000000,32.25944519,0.00000000,0.00000000,0.00000000,1.00000000">
                                <geometry name="chuck jaws (right spindle)1" geo="chuck jaws (right spindle)1.mco" clrr="0.40000001" clrg="0.60000002" clrb="0.80000001" alpha="0.50" reflectivity="0.00" reflectivityBitmapFileName="" objtype="fixture" />
                            </transform>
                        </axis>
                        <axis id="right_chuck_jaw3" type="translation" x="0.00000000" y="1.00000000" z="-0.00000000" minvalue="0.000000" maxvalue="105.000000" valuetype="cont" show_slider="false" initial_value="37.260000">
                            <transform id="chuck jaws (right spindle)2_tr" initialvalue="1.00000000,0.00000000,0.00000000,-0.00000000,0.00000000,1.00000000,0.00000000,-37.25000000,0.00000000,0.00000000,1.00000000,0.00000000,0.00000000,0.00000000,0.00000000,1.00000000">
                                <geometry name="chuck jaws (right spindle)2" geo="chuck jaws (right spindle)2.mco" clrr="0.40000001" clrg="0.60000002" clrb="0.80000001" alpha="0.50" reflectivity="0.00" reflectivityBitmapFileName="" objtype="fixture" />
                            </transform>
                        </axis>
                    </transform>
                    <transform id="workpiece2_adapter" initialvalue="1.00000000,0.00000000,0.00000000,0.00000000,0.00000000,1.00000000,0.00000000,0.00000000,0.00000000,0.00000000,1.00000000,0.00000000,0.00000000,0.00000000,0.00000000,1.00000000" objtype="mountadapter" />
                </transform>
            </revolving_set>
        </axis>
        <geometry name="_col_right spindle base" geo="_col_right spindle base0.mco" clrr="0.20000000" clrg="0.20000000" clrb="0.20000000" alpha="0.00" reflectivity="0.00" reflectivityBitmapFileName="" objtype="geometry" />
        <geometry name="mastercam logo - background" geo="mastercam logo - background0.mco" clrr="1.00000000" clrg="1.00000000" clrb="1.00000000" alpha="0.00" reflectivity="0.00" reflectivityBitmapFileName="" objtype="geometry" />
        <geometry name="mastercam logo - cam" geo="mastercam logo - cam0.mco" clrr="0.75294119" clrg="0.00000000" clrb="0.00000000" alpha="0.00" reflectivity="0.00" reflectivityBitmapFileName="" objtype="geometry" />
        <geometry name="mastercam logo - master" geo="mastercam logo - master0.mco" clrr="0.00000000" clrg="0.00000000" clrb="0.00000000" alpha="0.00" reflectivity="0.00" reflectivityBitmapFileName="" objtype="geometry" />
        <geometry name="mh_right spindle w axis m1" geo="mh_right spindle w axis m10.mco" clrr="0.75294119" clrg="0.75294119" clrb="0.75294119" alpha="0.00" reflectivity="0.00" reflectivityBitmapFileName="" objtype="geometry" />
        <geometry name="right spindle w axis" geo="right spindle w axis0.mco" clrr="0.60000002" clrg="0.00000000" clrb="0.00000000" alpha="0.00" reflectivity="0.00" reflectivityBitmapFileName="" objtype="geometry" />
        <geometry name="right spindle w axis m2" geo="right spindle w axis m20.mco" clrr="0.40000001" clrg="0.40000001" clrb="0.40000001" alpha="0.00" reflectivity="0.00" reflectivityBitmapFileName="" objtype="geometry" />
    </axis>
    <axis id="Z1_SVP" type="translation" x="1.00000000" y="0.00000000" z="0.00000000" minvalue="-375.000000" maxvalue="375.000000" valuetype="cont" initial_value="0.000000">
        <axis id="Y1_SVP" type="translation" x="0.00000000" y="1.00000000" z="-0.00000001" minvalue="-50.000000" maxvalue="50.000000" valuetype="cont" initial_value="0.000000">
            <axis id="X1_SVP" type="translation" x="0.00000000" y="0.70710683" z="0.70710683" minvalue="-400.000000" maxvalue="0.000000" valuetype="cont" initial_value="0.000000">
                <axis id="B_SVP" type="rotation" x="0.00000000" y="-0.70710683" z="0.70710683" minvalue="-15.000000" maxvalue="195.000000" valuetype="cont" initial_value="0.000000" rzx="500.00000000" rzy="254.55844116" rzz="254.55844116">
                    <axis id="A_SVP" type="rotation" x="-1.00000000" y="0.00000000" z="0.00000000" minvalue="-360.000000" maxvalue="360.000000" valuetype="cont" initial_value="0.000000" rzx="380.00000000" rzy="254.55844116" rzz="254.55844116">
                        <geometry name="a axis nose" geo="" clrr="0.00000000" clrg="0.00000000" clrb="0.00000000" alpha="0.00" reflectivity="0.00" reflectivityBitmapFileName="" objtype="geometry" />
                        <transform id="holder_transform_U_1_IOF_tool_L46" initialvalue="1.00000000,0.00000000,0.00000000,230.00000000,0.00000000,0.70710677,0.70710677,268.34704590,0.00000000,-0.70710677,0.70710677,268.34704590,0.00000000,0.00000000,0.00000000,1.00000000">
                            <geometry name="tool_L46" geo="od left 55 deg" alpha="0.00" reflectivity="0.10" reflectivityBitmapFileName="" objtype="tool" cuttr="1.00000000" cuttg="0.80000001" cuttb="0.00000000" noncuttr="1.00000000" noncuttg="0.80000001" noncuttb="0.00000000" arborr="1.00000000" arborg="0.80000001" arborb="0.00000000" holderr="0.75294119" holderg="0.75294119" holderb="0.75294119" />
                        </transform>
                        <geometry name="tool spindle0" geo="tool spindle0.mco" clrr="0.50196081" clrg="0.50196081" clrb="0.50196081" alpha="0.00" reflectivity="0.00" reflectivityBitmapFileName="" objtype="geometry" />
                    </axis>
                    <geometry name="b axis" geo="b axis0.mco" clrr="0.60000002" clrg="0.00000000" clrb="0.00000000" alpha="0.00" reflectivity="0.00" reflectivityBitmapFileName="" objtype="geometry" />
                    <geometry name="b axis m1" geo="b axis m10.mco" clrr="0.75294119" clrg="0.75294119" clrb="0.75294119" alpha="0.00" reflectivity="0.00" reflectivityBitmapFileName="" objtype="geometry" />
                    <geometry name="dynamic motion logo - black" geo="dynamic motion logo - black0.mco" clrr="0.00000000" clrg="0.00000000" clrb="0.00000000" alpha="0.00" reflectivity="0.00" reflectivityBitmapFileName="" objtype="geometry" />
                    <geometry name="dynamic motion logo - red" geo="dynamic motion logo - red0.mco" clrr="0.75294119" clrg="0.00000000" clrb="0.00000000" alpha="0.00" reflectivity="0.00" reflectivityBitmapFileName="" objtype="geometry" />
                    <transform id="holder_transform_U_1_IOF_fake_tool" initialvalue="0.00000000,0.00000000,1.00000012,500.00000000,0.70710683,-0.70710683,0.00000000,254.55844116,0.70710683,0.70710683,-0.00000000,254.55844116,0.00000000,0.00000000,0.00000000,1.00000000">
                        <geometry name="fake_tool_B_SVP" geo="fake_tool_B_SVP" alpha="0.00" reflectivity="0.10" reflectivityBitmapFileName="" objtype="tool" cuttr="1.00000000" cuttg="0.50196081" cuttb="0.00000000" noncuttr="0.75294119" noncuttg="0.75294119" noncuttb="0.75294119" arborr="0.39215687" arborg="0.39215687" arborb="0.39215687" holderr="0.00000000" holderg="0.50196081" holderb="1.00000000" />
                    </transform>
                </axis>
                <geometry name="x1 axis" geo="x1 axis0.mco" clrr="0.60000002" clrg="0.00000000" clrb="0.00000000" alpha="0.00" reflectivity="0.00" reflectivityBitmapFileName="" objtype="geometry" />
                <geometry name="x1 axis m1" geo="x1 axis m10.mco" clrr="0.60000002" clrg="0.60000002" clrb="0.60000002" alpha="0.00" reflectivity="0.00" reflectivityBitmapFileName="" objtype="geometry" />
            </axis>
            <geometry name="y1 axis" geo="y1 axis0.mco" clrr="0.75294119" clrg="0.75294119" clrb="0.75294119" alpha="0.00" reflectivity="0.00" reflectivityBitmapFileName="" objtype="geometry" />
        </axis>
        <geometry name="mh_z axis m1" geo="mh_z axis m10.mco" clrr="0.60000002" clrg="0.60000002" clrb="0.60000002" alpha="0.00" reflectivity="0.00" reflectivityBitmapFileName="" objtype="geometry" />
    </axis>
    <axis id="Z2_SVP" type="translation" x="1.00000000" y="0.00000000" z="0.00000000" minvalue="-350.000000" maxvalue="350.000000" valuetype="cont" initial_value="0.000000">
        <axis id="X2_SVP" type="translation" x="0.00000000" y="-0.70710683" z="-0.70710683" minvalue="-250.000000" maxvalue="0.000000" valuetype="cont" initial_value="0.000000">
            <axis id="Turret_1" type="rotation" x="0.00000000" y="-0.70710683" z="-0.70710683" minvalue="-36000000.000000" maxvalue="36000000.000000" valuetype="cont" initial_value="0.000000" rzx="492.00000000" rzy="-176.77668762" rzz="-176.77668762">
                <geometry name="all_locators_geo_lower turret0" geo="turning (insert down) tools2.mco" clrr="0.40000001" clrg="0.40000001" clrb="0.40000001" alpha="0.00" reflectivity="0.00" reflectivityBitmapFileName="" objtype="geometry" />
                <transform id="holder_transform_IOF_Turret_1_fake_tool_TurretIndex_0" initialvalue="0.00000000,1.00000000,0.00000000,492.00000000,-0.70710683,0.00000000,-0.70710683,-176.77668762,-0.70710683,0.00000000,0.70710683,-176.77668762,0.00000000,0.00000000,0.00000000,1.00000000">
                    <geometry name="fake_tool_Turret_1" geo="fake_tool_Turret_1" alpha="0.00" reflectivity="0.10" reflectivityBitmapFileName="" objtype="tool" cuttr="1.00000000" cuttg="0.50196081" cuttb="0.00000000" noncuttr="0.75294119" noncuttg="0.75294119" noncuttb="0.75294119" arborr="0.39215687" arborg="0.39215687" arborb="0.39215687" holderr="0.00000000" holderg="0.50196081" holderb="1.00000000" />
                </transform>
                <transform id="holder_transform_IOF_Turret_1_tool_L3_TurretIndex_3" initialvalue="0.17364818,-0.98480773,0.00000001,468.21020508,0.69636422,0.12278781,0.70710677,-229.75219727,-0.69636422,-0.12278780,0.70710677,-38.94837570,0.00000000,0.00000000,0.00000000,1.00000000">
                    <geometry name="tool_L3" geo="od finish right - 35 deg" alpha="0.00" reflectivity="0.10" reflectivityBitmapFileName="" objtype="tool" cuttr="1.00000000" cuttg="0.80000001" cuttb="0.00000000" noncuttr="1.00000000" noncuttg="0.80000001" noncuttb="0.00000000" arborr="1.00000000" arborg="0.80000001" arborb="0.00000000" holderr="0.75294119" holderg="0.75294119" holderb="0.75294119" />
                </transform>
                <transform id="holder_transform_IOF_Turret_1_tool_L55_TurretIndex_1" initialvalue="1.00000000,0.00000000,0.00000000,359.50000000,0.00000000,0.70710677,0.70710677,-150.12910461,0.00000000,-0.70710677,0.70710677,-150.12910461,0.00000000,0.00000000,0.00000000,1.00000000">
                    <geometry name="tool_L55" geo="rough face left - 80 deg" alpha="0.00" reflectivity="0.10" reflectivityBitmapFileName="" objtype="tool" cuttr="1.00000000" cuttg="0.80000001" cuttb="0.00000000" noncuttr="1.00000000" noncuttg="0.80000001" noncuttb="0.00000000" arborr="1.00000000" arborg="0.80000001" arborb="0.00000000" holderr="0.75294119" holderg="0.75294119" holderb="0.75294119" />
                </transform>
                <geometry name="lower turret0" geo="lower turret0.mco" clrr="0.60000002" clrg="0.60000002" clrb="0.60000002" alpha="0.00" reflectivity="0.00" reflectivityBitmapFileName="" objtype="geometry" />
            </axis>
            <geometry name="lower turret base" geo="lower turret base0.mco" clrr="0.20000000" clrg="0.20000000" clrb="0.20000000" alpha="0.00" reflectivity="0.00" reflectivityBitmapFileName="" objtype="geometry" />
            <geometry name="x2 axis" geo="x2 axis0.mco" clrr="0.60000002" clrg="0.00000000" clrb="0.00000000" alpha="0.00" reflectivity="0.00" reflectivityBitmapFileName="" objtype="geometry" />
            <geometry name="x2 axis m1" geo="x2 axis m10.mco" clrr="0.75294119" clrg="0.75294119" clrb="0.75294119" alpha="0.00" reflectivity="0.00" reflectivityBitmapFileName="" objtype="geometry" />
            <geometry name="x2 axis m2" geo="x2 axis m20.mco" clrr="0.40000001" clrg="0.40000001" clrb="0.40000001" alpha="0.00" reflectivity="0.00" reflectivityBitmapFileName="" objtype="geometry" />
        </axis>
        <geometry name="mh_z2 axis m1" geo="mh_z2 axis m10.mco" clrr="0.60000002" clrg="0.60000002" clrb="0.60000002" alpha="0.00" reflectivity="0.00" reflectivityBitmapFileName="" objtype="geometry" />
        <geometry name="z2 axis" geo="z2 axis0.mco" clrr="0.20000000" clrg="0.20000000" clrb="0.20000000" alpha="0.00" reflectivity="0.00" reflectivityBitmapFileName="" objtype="geometry" />
    </axis>
    <geometry name="_col_left spindle base" geo="_col_left spindle base0.mco" clrr="0.25098041" clrg="0.25098041" clrb="0.25098041" alpha="0.00" reflectivity="0.00" reflectivityBitmapFileName="" objtype="geometry" />
    <geometry name="machine base" geo="" clrr="0.00000000" clrg="0.00000000" clrb="0.00000000" alpha="0.00" reflectivity="0.00" reflectivityBitmapFileName="" objtype="geometry" />
    <geometry name="machine component connection point" geo="" clrr="0.00000000" clrg="0.00000000" clrb="0.00000000" alpha="0.00" reflectivity="0.00" reflectivityBitmapFileName="" objtype="geometry" />
    <geometry name="mh_be dynamic logo - black" geo="mh_be dynamic logo - black0.mco" clrr="0.00000000" clrg="0.00000000" clrb="0.00000000" alpha="0.00" reflectivity="0.00" reflectivityBitmapFileName="" objtype="geometry" />
    <geometry name="mh_be dynamic logo - red" geo="mh_be dynamic logo - red0.mco" clrr="0.75294119" clrg="0.00000000" clrb="0.00000000" alpha="0.00" reflectivity="0.00" reflectivityBitmapFileName="" objtype="geometry" />
    <geometry name="mh_be dynamic logo - white" geo="mh_be dynamic logo - white0.mco" clrr="1.00000000" clrg="1.00000000" clrb="1.00000000" alpha="0.00" reflectivity="0.00" reflectivityBitmapFileName="" objtype="geometry" />
    <geometry name="mh_control panel" geo="mh_control panel0.mco" clrr="0.60000002" clrg="0.00000000" clrb="0.00000000" alpha="0.00" reflectivity="0.00" reflectivityBitmapFileName="" objtype="geometry" />
    <geometry name="mh_control panel handle" geo="mh_control panel handle0.mco" clrr="0.75294119" clrg="0.75294119" clrb="0.75294119" alpha="0.00" reflectivity="0.00" reflectivityBitmapFileName="" objtype="geometry" />
    <geometry name="mh_control panel screen" geo="mh_control panel screen0.mco" clrr="0.60000002" clrg="1.00000000" clrb="1.00000000" alpha="0.00" reflectivity="0.00" reflectivityBitmapFileName="" objtype="geometry" />
    <geometry name="mh_control panel trim" geo="mh_control panel trim0.mco" clrr="0.75294119" clrg="0.75294119" clrb="0.75294119" alpha="0.00" reflectivity="0.00" reflectivityBitmapFileName="" objtype="geometry" />
    <geometry name="mh_control panel trim m1" geo="mh_control panel trim m10.mco" clrr="0.20000000" clrg="0.20000000" clrb="0.20000000" alpha="0.00" reflectivity="0.00" reflectivityBitmapFileName="" objtype="geometry" />
    <geometry name="mh_control panel trim m2" geo="mh_control panel trim m20.mco" clrr="0.20000000" clrg="0.20000000" clrb="0.20000000" alpha="0.00" reflectivity="0.00" reflectivityBitmapFileName="" objtype="geometry" />
    <geometry name="mh_cycle start" geo="mh_cycle start0.mco" clrr="0.00000000" clrg="0.50196081" clrb="0.00000000" alpha="0.00" reflectivity="0.00" reflectivityBitmapFileName="" objtype="geometry" />
    <geometry name="mh_cycle stop" geo="mh_cycle stop0.mco" clrr="0.75294119" clrg="0.00000000" clrb="0.00000000" alpha="0.00" reflectivity="0.00" reflectivityBitmapFileName="" objtype="geometry" />
    <geometry name="mh_emergency stop base" geo="mh_emergency stop base0.mco" clrr="0.75294119" clrg="0.75294119" clrb="0.00000000" alpha="0.00" reflectivity="0.00" reflectivityBitmapFileName="" objtype="geometry" />
    <geometry name="mh_emergency stop button" geo="mh_emergency stop button0.mco" clrr="0.75294119" clrg="0.00000000" clrb="0.00000000" alpha="0.00" reflectivity="0.00" reflectivityBitmapFileName="" objtype="geometry" />
    <geometry name="mh_enclosure" geo="mh_enclosure0.mco" clrr="0.80000001" clrg="0.80000001" clrb="0.80000001" alpha="0.00" reflectivity="0.00" reflectivityBitmapFileName="" objtype="geometry" />
    <geometry name="mh_left wall of enclosure" geo="mh_left wall of enclosure0.mco" clrr="1.00000000" clrg="1.00000000" clrb="1.00000000" alpha="0.00" reflectivity="0.00" reflectivityBitmapFileName="" objtype="geometry" />
    <geometry name="mh_machine base" geo="mh_machine base0.mco" clrr="0.20000000" clrg="0.20000000" clrb="0.20000000" alpha="0.00" reflectivity="0.00" reflectivityBitmapFileName="" objtype="geometry" />
    <geometry name="mh_mastercam logo - background" geo="mh_mastercam logo - background0.mco" clrr="1.00000000" clrg="1.00000000" clrb="1.00000000" alpha="0.00" reflectivity="0.00" reflectivityBitmapFileName="" objtype="geometry" />
    <geometry name="mh_mastercam logo - cam" geo="mh_mastercam logo - cam0.mco" clrr="0.75294119" clrg="0.00000000" clrb="0.00000000" alpha="0.00" reflectivity="0.00" reflectivityBitmapFileName="" objtype="geometry" />
    <geometry name="mh_mastercam logo - master" geo="mh_mastercam logo - master0.mco" clrr="0.00000000" clrg="0.00000000" clrb="0.00000000" alpha="0.00" reflectivity="0.00" reflectivityBitmapFileName="" objtype="geometry" />
    <geometry name="mh_mastercam logo - programmed with" geo="mh_mastercam logo - programmed with0.mco" clrr="0.50196081" clrg="0.50196081" clrb="0.50196081" alpha="0.00" reflectivity="0.00" reflectivityBitmapFileName="" objtype="geometry" />
    <geometry name="mh_noGeo" geo="" clrr="0.80000001" clrg="0.80000001" clrb="0.80000001" alpha="0.00" reflectivity="0.00" reflectivityBitmapFileName="" objtype="geometry" />
    <geometry name="mh_right door" geo="mh_right door0.mco" clrr="0.60000002" clrg="0.00000000" clrb="0.00000000" alpha="0.00" reflectivity="0.00" reflectivityBitmapFileName="" objtype="geometry" />
    <geometry name="mh_right door handle" geo="mh_right door handle0.mco" clrr="0.20000000" clrg="0.20000000" clrb="0.20000000" alpha="0.00" reflectivity="0.00" reflectivityBitmapFileName="" objtype="geometry" />
    <collcheck id="C1_SVP vs W_SVP" name="C1_SVP vs W_SVP" group1="c1 axis,chuck jaws (left spindle)0,chuck jaws (left spindle)1,chuck jaws (left spindle)2,left chuck0,workpiece_adapter" group2="c2 axis,chuck jaws (right spindle)0,chuck jaws (right spindle)1,chuck jaws (right spindle)2,mastercam logo - background,mastercam logo - cam,mastercam logo - master,right chuck0,right spindle w axis,right spindle w axis m2,workpiece2_adapter" />
    <collcheck id="C1_SVP vs Z1_SVP" name="C1_SVP vs Z1_SVP" group1="c1 axis,chuck jaws (left spindle)0,chuck jaws (left spindle)1,chuck jaws (left spindle)2,left chuck0,workpiece_adapter" group2="a axis nose,b axis,b axis m1,dynamic motion logo - black,dynamic motion logo - red,tool spindle0,x1 axis,x1 axis m1,y1 axis" />
    <collcheck id="C1_SVP vs Z2_SVP" name="C1_SVP vs Z2_SVP" group1="c1 axis,chuck jaws (left spindle)0,chuck jaws (left spindle)1,chuck jaws (left spindle)2,left chuck0,workpiece_adapter" group2="lower turret base,lower turret0,x2 axis,x2 axis m1,x2 axis m2,z2 axis,all_locators_geo_lower turret0" />
    <collcheck id="Machine housing vs Z1_SVP" name="Machine housing vs Z1_SVP" group1="_col_left spindle base,_col_right spindle base" group2="a axis nose,b axis,b axis m1,dynamic motion logo - black,dynamic motion logo - red,tool spindle0,x1 axis,x1 axis m1,y1 axis" />
    <collcheck id="Machine housing vs Z2_SVP" name="Machine housing vs Z2_SVP" group1="_col_left spindle base,_col_right spindle base" group2="lower turret base,lower turret0,x2 axis,x2 axis m1,x2 axis m2,z2 axis,all_locators_geo_lower turret0" />
    <collcheck id="W_SVP vs Z1_SVP" name="W_SVP vs Z1_SVP" group1="c2 axis,chuck jaws (right spindle)0,chuck jaws (right spindle)1,chuck jaws (right spindle)2,mastercam logo - background,mastercam logo - cam,mastercam logo - master,right chuck0,right spindle w axis,right spindle w axis m2,workpiece2_adapter" group2="a axis nose,b axis,b axis m1,dynamic motion logo - black,dynamic motion logo - red,tool spindle0,x1 axis,x1 axis m1,y1 axis" />
    <collcheck id="W_SVP vs Z2_SVP" name="W_SVP vs Z2_SVP" group1="c2 axis,chuck jaws (right spindle)0,chuck jaws (right spindle)1,chuck jaws (right spindle)2,mastercam logo - background,mastercam logo - cam,mastercam logo - master,right chuck0,right spindle w axis,right spindle w axis m2,workpiece2_adapter" group2="lower turret base,lower turret0,x2 axis,x2 axis m1,x2 axis m2,z2 axis,all_locators_geo_lower turret0" />
    <collcheck id="Z1_SVP vs Z2_SVP" name="Z1_SVP vs Z2_SVP" group1="a axis nose,b axis,b axis m1,dynamic motion logo - black,dynamic motion logo - red,tool spindle0,x1 axis,x1 axis m1,y1 axis" group2="lower turret base,lower turret0,x2 axis,x2 axis m1,x2 axis m2,z2 axis,all_locators_geo_lower turret0" />
    <collcheck id="locators_vs_parents_lower turret0" name="locators_vs_parents_lower turret0" group1="all_locators_geo_lower turret0" group2="lower turret base,x2 axis,x2 axis m1,x2 axis m2,mh_z2 axis m1,z2 axis" />
    <collcheck id="tool_L3 vs all" name="tool_L3 vs all" group1="tool_L3" group2="c1 axis,chuck jaws (left spindle)0,chuck jaws (left spindle)1,chuck jaws (left spindle)2,left chuck0,workpiece_adapter,_col_left spindle base,machine base,machine component connection point,_col_right spindle base,c2 axis,chuck jaws (right spindle)0,chuck jaws (right spindle)1,chuck jaws (right spindle)2,mastercam logo - background,mastercam logo - cam,mastercam logo - master,right chuck0,right spindle w axis,right spindle w axis m2,workpiece2_adapter,a axis nose,b axis,b axis m1,dynamic motion logo - black,dynamic motion logo - red,fake_tool_B_SVP,tool spindle0,tool_L46,x1 axis,x1 axis m1,y1 axis" />
    <collcheck id="tool_L46 vs all" name="tool_L46 vs all" group1="tool_L46" group2="c1 axis,chuck jaws (left spindle)0,chuck jaws (left spindle)1,chuck jaws (left spindle)2,left chuck0,workpiece_adapter,_col_left spindle base,machine base,machine component connection point,_col_right spindle base,c2 axis,chuck jaws (right spindle)0,chuck jaws (right spindle)1,chuck jaws (right spindle)2,mastercam logo - background,mastercam logo - cam,mastercam logo - master,right chuck0,right spindle w axis,right spindle w axis m2,workpiece2_adapter,all_locators_geo_lower turret0,fake_tool_Turret_1,lower turret base,lower turret0,tool_L3,tool_L55,x2 axis,x2 axis m1,x2 axis m2,z2 axis" />
    <collcheck id="tool_L55 vs all" name="tool_L55 vs all" group1="tool_L55" group2="c1 axis,chuck jaws (left spindle)0,chuck jaws (left spindle)1,chuck jaws (left spindle)2,left chuck0,workpiece_adapter,_col_left spindle base,machine base,machine component connection point,_col_right spindle base,c2 axis,chuck jaws (right spindle)0,chuck jaws (right spindle)1,chuck jaws (right spindle)2,mastercam logo - background,mastercam logo - cam,mastercam logo - master,right chuck0,right spindle w axis,right spindle w axis m2,workpiece2_adapter,a axis nose,b axis,b axis m1,dynamic motion logo - black,dynamic motion logo - red,fake_tool_B_SVP,tool spindle0,tool_L46,x1 axis,x1 axis m1,y1 axis" />
    <collcheck id="tools_vs_parents_lower turret0" name="tools_vs_parents_lower turret0" group1="tool_L55,tool_L3" group2="lower turret base,x2 axis,x2 axis m1,x2 axis m2,mh_z2 axis m1,z2 axis" />
    <magazine>
        <head name="workpiece">
            <geometry name="workpiece" geo="workpiece_mach.mco" clrr="0.80000001" clrg="0.80000001" clrb="0.80000001" alpha="0.00" reflectivity="0.00" reflectivityBitmapFileName="" objtype="workpiece" />
            <geometry name="stock" geo="stockmesh.mco" clrr="0.60000002" clrg="0.60000002" clrb="0.60000002" alpha="0.80" reflectivity="0.00" reflectivityBitmapFileName="" objtype="stock" />
            <geometry name="initialstock" geo="" clrr="0.60000002" clrg="0.60000002" clrb="0.60000002" alpha="0.80" reflectivity="0.00" reflectivityBitmapFileName="" objtype="initialstock" />
        </head>
        <head name="workpiece2">
            <geometry name="workpiece2" geo="workpiece2_mach.mco" clrr="0.80000001" clrg="0.80000001" clrb="0.80000001" alpha="0.00" reflectivity="0.00" reflectivityBitmapFileName="" objtype="workpiece" />
            <geometry name="stock2" geo="stock2mesh.mco" clrr="0.75294119" clrg="0.75294119" clrb="0.75294119" alpha="0.80" reflectivity="0.00" reflectivityBitmapFileName="" objtype="stock" />
            <geometry name="initialstock2" geo="" clrr="0.75294119" clrg="0.75294119" clrb="0.75294119" alpha="0.80" reflectivity="0.00" reflectivityBitmapFileName="" objtype="initialstock" />
        </head>
        <head name="workpiece_no_geo">
            <geometry name="workpiece_no_geo" geo="" clrr="0.80000001" clrg="0.80000001" clrb="0.80000001" alpha="0.00" reflectivity="0.00" reflectivityBitmapFileName="" objtype="workpiece" />
            <geometry name="stock_no_geo" geo="" clrr="0.60000002" clrg="0.60000002" clrb="0.60000002" alpha="1.00" reflectivity="0.00" reflectivityBitmapFileName="" objtype="stock" />
            <geometry name="initialstock_no_geo" geo="" clrr="0.60000002" clrg="0.60000002" clrb="0.60000002" alpha="1.00" reflectivity="0.00" reflectivityBitmapFileName="" objtype="initialstock" />
        </head>
    </magazine>
    <post_definition>
        <post_settings id="B_SVP_fake_tool_B_SVP">
            <post_data detection_mode="manual_mode" machine_type="mill" />
            <machine_dynamics feed_rate="5000.00" rapid_rate="10000.00" tool_change_time="5.00" />
            <axis id="fake_tool_B_SVP" type="spindle" x="0.00000000" y="0.00000000" z="1.00000000" />
            <axis id="X1_SVP" type="translation" order="first" pos="head" x="0.00000000" y="0.70710678" z="0.70710678" minvalue="-400.00000000" maxvalue="0.00000000" />
            <axis id="Y1_SVP" type="translation" order="second" pos="head" x="0.00000000" y="1.00000000" z="-0.00000001" minvalue="-50.00000000" maxvalue="50.00000000" />
            <axis id="Z1_SVP" type="translation" order="third" pos="head" x="1.00000000" y="0.00000000" z="0.00000000" minvalue="-375.00000000" maxvalue="375.00000000" />
            <axis id="C1_SVP" type="rotation" order="first" pos="table" x="-1.00000000" y="-0.00000000" z="-0.00000000" minvalue="-36000000.00000000" maxvalue="36000000.00000000" rzx="0.00000000" rzy="0.00000000" rzz="0.00000000" />
            <axis id="B_SVP" type="rotation" order="second" pos="head" x="0.00000000" y="-0.70710683" z="0.70710683" minvalue="-15.00000000" maxvalue="195.00000000" rzx="500.00000000" rzy="254.55844116" rzz="254.55844116" />
            <use tool_name="fake_tool_B_SVP" workpiece_name="workpiece" />
        </post_settings>
        <post_settings id="B_SVP_tool_L46">
            <post_data detection_mode="manual_mode" machine_type="mill" />
            <machine_dynamics feed_rate="5000.00" rapid_rate="10000.00" tool_change_time="5.00" />
            <axis id="tool_L46" type="spindle" x="0.00000000" y="0.00000000" z="1.00000000" />
            <axis id="X1_SVP" type="translation" order="first" pos="head" x="0.00000000" y="0.70710678" z="0.70710678" minvalue="-400.00000000" maxvalue="0.00000000" />
            <axis id="Y1_SVP" type="translation" order="second" pos="head" x="0.00000000" y="1.00000000" z="-0.00000001" minvalue="-50.00000000" maxvalue="50.00000000" />
            <axis id="Z1_SVP" type="translation" order="third" pos="head" x="1.00000000" y="0.00000000" z="0.00000000" minvalue="-375.00000000" maxvalue="375.00000000" />
            <axis id="C1_SVP" type="rotation" order="first" pos="table" x="-1.00000000" y="-0.00000000" z="-0.00000000" minvalue="-36000000.00000000" maxvalue="36000000.00000000" rzx="0.00000000" rzy="0.00000000" rzz="0.00000000" />
            <axis id="B_SVP" type="rotation" order="second" pos="head" x="0.00000000" y="-0.70710683" z="0.70710683" minvalue="-15.00000000" maxvalue="195.00000000" rzx="500.00000000" rzy="254.55844116" rzz="254.55844116" />
            <axis id="A_SVP" type="rotation" order="third" pos="head" x="-1.00000000" y="0.00000000" z="0.00000000" minvalue="0.00000000" maxvalue="0.00000000" rzx="380.00000000" rzy="254.55844116" rzz="254.55844116" />
            <use tool_name="tool_L46" workpiece_name="workpiece" />
        </post_settings>
        <post_settings id="Turret_1_1_Left_fake">
            <post_data detection_mode="manual_mode" machine_type="mill" />
            <machine_dynamics feed_rate="5000.00" rapid_rate="10000.00" tool_change_time="5.00" />
            <axis id="fake_tool_Turret_1" type="spindle" x="0.00000000" y="0.00000000" z="1.00000000" />
            <axis id="X2_SVP" type="translation" order="first" pos="head" x="0.00000000" y="-0.70710678" z="-0.70710678" minvalue="-250.00000000" maxvalue="0.00000000" />
            <axis id="Z2_SVP" type="translation" order="second" pos="head" x="1.00000000" y="0.00000000" z="0.00000000" minvalue="-350.00000000" maxvalue="350.00000000" />
            <axis id="T_f_axis" type="translation" order="third" pos="head" x="0.00000000" y="1.00000000" z="0.00000000" minvalue="0.00000000" maxvalue="0.00000000" />
            <axis id="Turret_1" type="rotation" order="first" pos="head" x="0.00000000" y="-0.70710683" z="-0.70710683" minvalue="0.00000000" maxvalue="0.00000000" rzx="492.00000000" rzy="-176.77668762" rzz="-176.77668762" />
            <use tool_name="fake_tool_Turret_1" workpiece_name="workpiece" />
        </post_settings>
        <post_settings id="Turret_1_1_Right_fake">
            <post_data detection_mode="manual_mode" machine_type="mill" />
            <machine_dynamics feed_rate="5000.00" rapid_rate="10000.00" tool_change_time="5.00" />
            <axis id="fake_tool_Turret_1" type="spindle" x="0.00000000" y="0.00000000" z="1.00000000" />
            <axis id="X2_SVP" type="translation" order="first" pos="head" x="0.00000000" y="-0.70710678" z="-0.70710678" minvalue="-250.00000000" maxvalue="0.00000000" />
            <axis id="Z2_SVP" type="translation" order="second" pos="head" x="1.00000000" y="0.00000000" z="0.00000000" minvalue="-350.00000000" maxvalue="350.00000000" />
            <axis id="T_f_axis" type="translation" order="third" pos="head" x="0.00000000" y="1.00000000" z="0.00000000" minvalue="0.00000000" maxvalue="0.00000000" />
            <axis id="Turret_1" type="rotation" order="first" pos="head" x="0.00000000" y="-0.70710683" z="-0.70710683" minvalue="180.00000000" maxvalue="180.00000000" rzx="492.00000000" rzy="-176.77668762" rzz="-176.77668762" />
            <use tool_name="fake_tool_Turret_1" workpiece_name="workpiece" />
        </post_settings>
        <post_settings id="Turret_1_2_Left_fake">
            <post_data detection_mode="manual_mode" machine_type="mill" />
            <machine_dynamics feed_rate="5000.00" rapid_rate="10000.00" tool_change_time="5.00" />
            <axis id="fake_tool_Turret_1" type="spindle" x="0.00000000" y="0.00000000" z="1.00000000" />
            <axis id="X2_SVP" type="translation" order="first" pos="head" x="0.00000000" y="-0.70710678" z="-0.70710678" minvalue="-250.00000000" maxvalue="0.00000000" />
            <axis id="Z2_SVP" type="translation" order="second" pos="head" x="1.00000000" y="0.00000000" z="0.00000000" minvalue="-350.00000000" maxvalue="350.00000000" />
            <axis id="T_f_axis" type="translation" order="third" pos="head" x="0.00000000" y="1.00000000" z="0.00000000" minvalue="0.00000000" maxvalue="0.00000000" />
            <axis id="Turret_1" type="rotation" order="first" pos="head" x="0.00000000" y="-0.70710683" z="-0.70710683" minvalue="40.00000000" maxvalue="40.00000000" rzx="492.00000000" rzy="-176.77668762" rzz="-176.77668762" />
            <use tool_name="fake_tool_Turret_1" workpiece_name="workpiece" />
        </post_settings>
        <post_settings id="Turret_1_2_Right_fake">
            <post_data detection_mode="manual_mode" machine_type="mill" />
            <machine_dynamics feed_rate="5000.00" rapid_rate="10000.00" tool_change_time="5.00" />
            <axis id="fake_tool_Turret_1" type="spindle" x="0.00000000" y="0.00000000" z="1.00000000" />
            <axis id="X2_SVP" type="translation" order="first" pos="head" x="0.00000000" y="-0.70710678" z="-0.70710678" minvalue="-250.00000000" maxvalue="0.00000000" />
            <axis id="Z2_SVP" type="translation" order="second" pos="head" x="1.00000000" y="0.00000000" z="0.00000000" minvalue="-350.00000000" maxvalue="350.00000000" />
            <axis id="T_f_axis" type="translation" order="third" pos="head" x="0.00000000" y="1.00000000" z="0.00000000" minvalue="0.00000000" maxvalue="0.00000000" />
            <axis id="Turret_1" type="rotation" order="first" pos="head" x="0.00000000" y="-0.70710683" z="-0.70710683" minvalue="220.00000000" maxvalue="220.00000000" rzx="492.00000000" rzy="-176.77668762" rzz="-176.77668762" />
            <use tool_name="fake_tool_Turret_1" workpiece_name="workpiece" />
        </post_settings>
        <post_settings id="Turret_1_3_Left_fake">
            <post_data detection_mode="manual_mode" machine_type="mill" />
            <machine_dynamics feed_rate="5000.00" rapid_rate="10000.00" tool_change_time="5.00" />
            <axis id="fake_tool_Turret_1" type="spindle" x="0.00000000" y="0.00000000" z="1.00000000" />
            <axis id="X2_SVP" type="translation" order="first" pos="head" x="0.00000000" y="-0.70710678" z="-0.70710678" minvalue="-250.00000000" maxvalue="0.00000000" />
            <axis id="Z2_SVP" type="translation" order="second" pos="head" x="1.00000000" y="0.00000000" z="0.00000000" minvalue="-350.00000000" maxvalue="350.00000000" />
            <axis id="T_f_axis" type="translation" order="third" pos="head" x="0.00000000" y="1.00000000" z="0.00000000" minvalue="0.00000000" maxvalue="0.00000000" />
            <axis id="Turret_1" type="rotation" order="first" pos="head" x="0.00000000" y="-0.70710683" z="-0.70710683" minvalue="80.00000000" maxvalue="80.00000000" rzx="492.00000000" rzy="-176.77668762" rzz="-176.77668762" />
            <use tool_name="fake_tool_Turret_1" workpiece_name="workpiece" />
        </post_settings>
        <post_settings id="Turret_1_3_Right_fake">
            <post_data detection_mode="manual_mode" machine_type="mill" />
            <machine_dynamics feed_rate="5000.00" rapid_rate="10000.00" tool_change_time="5.00" />
            <axis id="fake_tool_Turret_1" type="spindle" x="0.00000000" y="0.00000000" z="1.00000000" />
            <axis id="X2_SVP" type="translation" order="first" pos="head" x="0.00000000" y="-0.70710678" z="-0.70710678" minvalue="-250.00000000" maxvalue="0.00000000" />
            <axis id="Z2_SVP" type="translation" order="second" pos="head" x="1.00000000" y="0.00000000" z="0.00000000" minvalue="-350.00000000" maxvalue="350.00000000" />
            <axis id="T_f_axis" type="translation" order="third" pos="head" x="0.00000000" y="1.00000000" z="0.00000000" minvalue="0.00000000" maxvalue="0.00000000" />
            <axis id="Turret_1" type="rotation" order="first" pos="head" x="0.00000000" y="-0.70710683" z="-0.70710683" minvalue="260.00000000" maxvalue="260.00000000" rzx="492.00000000" rzy="-176.77668762" rzz="-176.77668762" />
            <use tool_name="fake_tool_Turret_1" workpiece_name="workpiece" />
        </post_settings>
        <post_settings id="Turret_1_4_Left_fake">
            <post_data detection_mode="manual_mode" machine_type="mill" />
            <machine_dynamics feed_rate="5000.00" rapid_rate="10000.00" tool_change_time="5.00" />
            <axis id="fake_tool_Turret_1" type="spindle" x="0.00000000" y="0.00000000" z="1.00000000" />
            <axis id="X2_SVP" type="translation" order="first" pos="head" x="0.00000000" y="-0.70710678" z="-0.70710678" minvalue="-250.00000000" maxvalue="0.00000000" />
            <axis id="Z2_SVP" type="translation" order="second" pos="head" x="1.00000000" y="0.00000000" z="0.00000000" minvalue="-350.00000000" maxvalue="350.00000000" />
            <axis id="T_f_axis" type="translation" order="third" pos="head" x="0.00000000" y="1.00000000" z="0.00000000" minvalue="0.00000000" maxvalue="0.00000000" />
            <axis id="Turret_1" type="rotation" order="first" pos="head" x="0.00000000" y="-0.70710683" z="-0.70710683" minvalue="120.00000000" maxvalue="120.00000000" rzx="492.00000000" rzy="-176.77668762" rzz="-176.77668762" />
            <use tool_name="fake_tool_Turret_1" workpiece_name="workpiece" />
        </post_settings>
        <post_settings id="Turret_1_4_Right_fake">
            <post_data detection_mode="manual_mode" machine_type="mill" />
            <machine_dynamics feed_rate="5000.00" rapid_rate="10000.00" tool_change_time="5.00" />
            <axis id="fake_tool_Turret_1" type="spindle" x="0.00000000" y="0.00000000" z="1.00000000" />
            <axis id="X2_SVP" type="translation" order="first" pos="head" x="0.00000000" y="-0.70710678" z="-0.70710678" minvalue="-250.00000000" maxvalue="0.00000000" />
            <axis id="Z2_SVP" type="translation" order="second" pos="head" x="1.00000000" y="0.00000000" z="0.00000000" minvalue="-350.00000000" maxvalue="350.00000000" />
            <axis id="T_f_axis" type="translation" order="third" pos="head" x="0.00000000" y="1.00000000" z="0.00000000" minvalue="0.00000000" maxvalue="0.00000000" />
            <axis id="Turret_1" type="rotation" order="first" pos="head" x="0.00000000" y="-0.70710683" z="-0.70710683" minvalue="300.00000000" maxvalue="300.00000000" rzx="492.00000000" rzy="-176.77668762" rzz="-176.77668762" />
            <use tool_name="fake_tool_Turret_1" workpiece_name="workpiece" />
        </post_settings>
        <post_settings id="Turret_1_5_Left_fake">
            <post_data detection_mode="manual_mode" machine_type="mill" />
            <machine_dynamics feed_rate="5000.00" rapid_rate="10000.00" tool_change_time="5.00" />
            <axis id="fake_tool_Turret_1" type="spindle" x="0.00000000" y="0.00000000" z="1.00000000" />
            <axis id="X2_SVP" type="translation" order="first" pos="head" x="0.00000000" y="-0.70710678" z="-0.70710678" minvalue="-250.00000000" maxvalue="0.00000000" />
            <axis id="Z2_SVP" type="translation" order="second" pos="head" x="1.00000000" y="0.00000000" z="0.00000000" minvalue="-350.00000000" maxvalue="350.00000000" />
            <axis id="T_f_axis" type="translation" order="third" pos="head" x="0.00000000" y="1.00000000" z="0.00000000" minvalue="0.00000000" maxvalue="0.00000000" />
            <axis id="Turret_1" type="rotation" order="first" pos="head" x="0.00000000" y="-0.70710683" z="-0.70710683" minvalue="160.00000000" maxvalue="160.00000000" rzx="492.00000000" rzy="-176.77668762" rzz="-176.77668762" />
            <use tool_name="fake_tool_Turret_1" workpiece_name="workpiece" />
        </post_settings>
        <post_settings id="Turret_1_5_Right_fake">
            <post_data detection_mode="manual_mode" machine_type="mill" />
            <machine_dynamics feed_rate="5000.00" rapid_rate="10000.00" tool_change_time="5.00" />
            <axis id="fake_tool_Turret_1" type="spindle" x="0.00000000" y="0.00000000" z="1.00000000" />
            <axis id="X2_SVP" type="translation" order="first" pos="head" x="0.00000000" y="-0.70710678" z="-0.70710678" minvalue="-250.00000000" maxvalue="0.00000000" />
            <axis id="Z2_SVP" type="translation" order="second" pos="head" x="1.00000000" y="0.00000000" z="0.00000000" minvalue="-350.00000000" maxvalue="350.00000000" />
            <axis id="T_f_axis" type="translation" order="third" pos="head" x="0.00000000" y="1.00000000" z="0.00000000" minvalue="0.00000000" maxvalue="0.00000000" />
            <axis id="Turret_1" type="rotation" order="first" pos="head" x="0.00000000" y="-0.70710683" z="-0.70710683" minvalue="340.00000000" maxvalue="340.00000000" rzx="492.00000000" rzy="-176.77668762" rzz="-176.77668762" />
            <use tool_name="fake_tool_Turret_1" workpiece_name="workpiece" />
        </post_settings>
        <post_settings id="Turret_1_6_Left_fake">
            <post_data detection_mode="manual_mode" machine_type="mill" />
            <machine_dynamics feed_rate="5000.00" rapid_rate="10000.00" tool_change_time="5.00" />
            <axis id="fake_tool_Turret_1" type="spindle" x="0.00000000" y="0.00000000" z="1.00000000" />
            <axis id="X2_SVP" type="translation" order="first" pos="head" x="0.00000000" y="-0.70710678" z="-0.70710678" minvalue="-250.00000000" maxvalue="0.00000000" />
            <axis id="Z2_SVP" type="translation" order="second" pos="head" x="1.00000000" y="0.00000000" z="0.00000000" minvalue="-350.00000000" maxvalue="350.00000000" />
            <axis id="T_f_axis" type="translation" order="third" pos="head" x="0.00000000" y="1.00000000" z="0.00000000" minvalue="0.00000000" maxvalue="0.00000000" />
            <axis id="Turret_1" type="rotation" order="first" pos="head" x="0.00000000" y="-0.70710683" z="-0.70710683" minvalue="200.00000000" maxvalue="200.00000000" rzx="492.00000000" rzy="-176.77668762" rzz="-176.77668762" />
            <use tool_name="fake_tool_Turret_1" workpiece_name="workpiece" />
        </post_settings>
        <post_settings id="Turret_1_6_Right_fake">
            <post_data detection_mode="manual_mode" machine_type="mill" />
            <machine_dynamics feed_rate="5000.00" rapid_rate="10000.00" tool_change_time="5.00" />
            <axis id="fake_tool_Turret_1" type="spindle" x="0.00000000" y="0.00000000" z="1.00000000" />
            <axis id="X2_SVP" type="translation" order="first" pos="head" x="0.00000000" y="-0.70710678" z="-0.70710678" minvalue="-250.00000000" maxvalue="0.00000000" />
            <axis id="Z2_SVP" type="translation" order="second" pos="head" x="1.00000000" y="0.00000000" z="0.00000000" minvalue="-350.00000000" maxvalue="350.00000000" />
            <axis id="T_f_axis" type="translation" order="third" pos="head" x="0.00000000" y="1.00000000" z="0.00000000" minvalue="0.00000000" maxvalue="0.00000000" />
            <axis id="Turret_1" type="rotation" order="first" pos="head" x="0.00000000" y="-0.70710683" z="-0.70710683" minvalue="20.00000000" maxvalue="20.00000000" rzx="492.00000000" rzy="-176.77668762" rzz="-176.77668762" />
            <use tool_name="fake_tool_Turret_1" workpiece_name="workpiece" />
        </post_settings>
        <post_settings id="Turret_1_7_Left_fake">
            <post_data detection_mode="manual_mode" machine_type="mill" />
            <machine_dynamics feed_rate="5000.00" rapid_rate="10000.00" tool_change_time="5.00" />
            <axis id="fake_tool_Turret_1" type="spindle" x="0.00000000" y="0.00000000" z="1.00000000" />
            <axis id="X2_SVP" type="translation" order="first" pos="head" x="0.00000000" y="-0.70710678" z="-0.70710678" minvalue="-250.00000000" maxvalue="0.00000000" />
            <axis id="Z2_SVP" type="translation" order="second" pos="head" x="1.00000000" y="0.00000000" z="0.00000000" minvalue="-350.00000000" maxvalue="350.00000000" />
            <axis id="T_f_axis" type="translation" order="third" pos="head" x="0.00000000" y="1.00000000" z="0.00000000" minvalue="0.00000000" maxvalue="0.00000000" />
            <axis id="Turret_1" type="rotation" order="first" pos="head" x="0.00000000" y="-0.70710683" z="-0.70710683" minvalue="240.00000000" maxvalue="240.00000000" rzx="492.00000000" rzy="-176.77668762" rzz="-176.77668762" />
            <use tool_name="fake_tool_Turret_1" workpiece_name="workpiece" />
        </post_settings>
        <post_settings id="Turret_1_7_Right_fake">
            <post_data detection_mode="manual_mode" machine_type="mill" />
            <machine_dynamics feed_rate="5000.00" rapid_rate="10000.00" tool_change_time="5.00" />
            <axis id="fake_tool_Turret_1" type="spindle" x="0.00000000" y="0.00000000" z="1.00000000" />
            <axis id="X2_SVP" type="translation" order="first" pos="head" x="0.00000000" y="-0.70710678" z="-0.70710678" minvalue="-250.00000000" maxvalue="0.00000000" />
            <axis id="Z2_SVP" type="translation" order="second" pos="head" x="1.00000000" y="0.00000000" z="0.00000000" minvalue="-350.00000000" maxvalue="350.00000000" />
            <axis id="T_f_axis" type="translation" order="third" pos="head" x="0.00000000" y="1.00000000" z="0.00000000" minvalue="0.00000000" maxvalue="0.00000000" />
            <axis id="Turret_1" type="rotation" order="first" pos="head" x="0.00000000" y="-0.70710683" z="-0.70710683" minvalue="60.00000000" maxvalue="60.00000000" rzx="492.00000000" rzy="-176.77668762" rzz="-176.77668762" />
            <use tool_name="fake_tool_Turret_1" workpiece_name="workpiece" />
        </post_settings>
        <post_settings id="Turret_1_8_Left_fake">
            <post_data detection_mode="manual_mode" machine_type="mill" />
            <machine_dynamics feed_rate="5000.00" rapid_rate="10000.00" tool_change_time="5.00" />
            <axis id="fake_tool_Turret_1" type="spindle" x="0.00000000" y="0.00000000" z="1.00000000" />
            <axis id="X2_SVP" type="translation" order="first" pos="head" x="0.00000000" y="-0.70710678" z="-0.70710678" minvalue="-250.00000000" maxvalue="0.00000000" />
            <axis id="Z2_SVP" type="translation" order="second" pos="head" x="1.00000000" y="0.00000000" z="0.00000000" minvalue="-350.00000000" maxvalue="350.00000000" />
            <axis id="T_f_axis" type="translation" order="third" pos="head" x="0.00000000" y="1.00000000" z="0.00000000" minvalue="0.00000000" maxvalue="0.00000000" />
            <axis id="Turret_1" type="rotation" order="first" pos="head" x="0.00000000" y="-0.70710683" z="-0.70710683" minvalue="280.00000000" maxvalue="280.00000000" rzx="492.00000000" rzy="-176.77668762" rzz="-176.77668762" />
            <use tool_name="fake_tool_Turret_1" workpiece_name="workpiece" />
        </post_settings>
        <post_settings id="Turret_1_8_Right_fake">
            <post_data detection_mode="manual_mode" machine_type="mill" />
            <machine_dynamics feed_rate="5000.00" rapid_rate="10000.00" tool_change_time="5.00" />
            <axis id="fake_tool_Turret_1" type="spindle" x="0.00000000" y="0.00000000" z="1.00000000" />
            <axis id="X2_SVP" type="translation" order="first" pos="head" x="0.00000000" y="-0.70710678" z="-0.70710678" minvalue="-250.00000000" maxvalue="0.00000000" />
            <axis id="Z2_SVP" type="translation" order="second" pos="head" x="1.00000000" y="0.00000000" z="0.00000000" minvalue="-350.00000000" maxvalue="350.00000000" />
            <axis id="T_f_axis" type="translation" order="third" pos="head" x="0.00000000" y="1.00000000" z="0.00000000" minvalue="0.00000000" maxvalue="0.00000000" />
            <axis id="Turret_1" type="rotation" order="first" pos="head" x="0.00000000" y="-0.70710683" z="-0.70710683" minvalue="100.00000000" maxvalue="100.00000000" rzx="492.00000000" rzy="-176.77668762" rzz="-176.77668762" />
            <use tool_name="fake_tool_Turret_1" workpiece_name="workpiece" />
        </post_settings>
        <post_settings id="Turret_1_9_Left_fake">
            <post_data detection_mode="manual_mode" machine_type="mill" />
            <machine_dynamics feed_rate="5000.00" rapid_rate="10000.00" tool_change_time="5.00" />
            <axis id="fake_tool_Turret_1" type="spindle" x="0.00000000" y="0.00000000" z="1.00000000" />
            <axis id="X2_SVP" type="translation" order="first" pos="head" x="0.00000000" y="-0.70710678" z="-0.70710678" minvalue="-250.00000000" maxvalue="0.00000000" />
            <axis id="Z2_SVP" type="translation" order="second" pos="head" x="1.00000000" y="0.00000000" z="0.00000000" minvalue="-350.00000000" maxvalue="350.00000000" />
            <axis id="T_f_axis" type="translation" order="third" pos="head" x="0.00000000" y="1.00000000" z="0.00000000" minvalue="0.00000000" maxvalue="0.00000000" />
            <axis id="Turret_1" type="rotation" order="first" pos="head" x="0.00000000" y="-0.70710683" z="-0.70710683" minvalue="320.00000000" maxvalue="320.00000000" rzx="492.00000000" rzy="-176.77668762" rzz="-176.77668762" />
            <use tool_name="fake_tool_Turret_1" workpiece_name="workpiece" />
        </post_settings>
        <post_settings id="Turret_1_9_Right_fake">
            <post_data detection_mode="manual_mode" machine_type="mill" />
            <machine_dynamics feed_rate="5000.00" rapid_rate="10000.00" tool_change_time="5.00" />
            <axis id="fake_tool_Turret_1" type="spindle" x="0.00000000" y="0.00000000" z="1.00000000" />
            <axis id="X2_SVP" type="translation" order="first" pos="head" x="0.00000000" y="-0.70710678" z="-0.70710678" minvalue="-250.00000000" maxvalue="0.00000000" />
            <axis id="Z2_SVP" type="translation" order="second" pos="head" x="1.00000000" y="0.00000000" z="0.00000000" minvalue="-350.00000000" maxvalue="350.00000000" />
            <axis id="T_f_axis" type="translation" order="third" pos="head" x="0.00000000" y="1.00000000" z="0.00000000" minvalue="0.00000000" maxvalue="0.00000000" />
            <axis id="Turret_1" type="rotation" order="first" pos="head" x="0.00000000" y="-0.70710683" z="-0.70710683" minvalue="140.00000000" maxvalue="140.00000000" rzx="492.00000000" rzy="-176.77668762" rzz="-176.77668762" />
            <use tool_name="fake_tool_Turret_1" workpiece_name="workpiece" />
        </post_settings>
        <post_settings id="Turret_1_tool_L55_1_Left">
            <post_data detection_mode="manual_mode" machine_type="mill" />
            <machine_dynamics feed_rate="5000.00" rapid_rate="10000.00" tool_change_time="5.00" />
            <axis id="tool_L55" type="spindle" x="0.00000000" y="0.00000000" z="1.00000000" />
            <axis id="X2_SVP" type="translation" order="first" pos="head" x="0.00000000" y="-0.70710678" z="-0.70710678" minvalue="-250.00000000" maxvalue="0.00000000" />
            <axis id="Z2_SVP" type="translation" order="second" pos="head" x="1.00000000" y="0.00000000" z="0.00000000" minvalue="-350.00000000" maxvalue="350.00000000" />
            <axis id="T_f_axis" type="translation" order="third" pos="head" x="0.00000000" y="1.00000000" z="0.00000000" minvalue="0.00000000" maxvalue="0.00000000" />
            <axis id="Turret_1" type="rotation" order="first" pos="head" x="0.00000000" y="-0.70710683" z="-0.70710683" minvalue="0.00000000" maxvalue="0.00000000" rzx="492.00000000" rzy="-176.77668762" rzz="-176.77668762" />
            <use tool_name="tool_L55" workpiece_name="workpiece" />
        </post_settings>
        <post_settings id="Turret_1_tool_L55_1_Right">
            <post_data detection_mode="manual_mode" machine_type="mill" />
            <machine_dynamics feed_rate="5000.00" rapid_rate="10000.00" tool_change_time="5.00" />
            <axis id="tool_L55" type="spindle" x="0.00000000" y="0.00000000" z="1.00000000" />
            <axis id="X2_SVP" type="translation" order="first" pos="head" x="0.00000000" y="-0.70710678" z="-0.70710678" minvalue="-250.00000000" maxvalue="0.00000000" />
            <axis id="Z2_SVP" type="translation" order="second" pos="head" x="1.00000000" y="0.00000000" z="0.00000000" minvalue="-350.00000000" maxvalue="350.00000000" />
            <axis id="T_f_axis" type="translation" order="third" pos="head" x="0.00000000" y="1.00000000" z="0.00000000" minvalue="0.00000000" maxvalue="0.00000000" />
            <axis id="Turret_1" type="rotation" order="first" pos="head" x="0.00000000" y="-0.70710683" z="-0.70710683" minvalue="180.00000000" maxvalue="180.00000000" rzx="492.00000000" rzy="-176.77668762" rzz="-176.77668762" />
            <use tool_name="tool_L55" workpiece_name="workpiece" />
        </post_settings>
        <post_settings id="Turret_1_tool_L3_3_Left">
            <post_data detection_mode="manual_mode" machine_type="mill" />
            <machine_dynamics feed_rate="5000.00" rapid_rate="10000.00" tool_change_time="5.00" />
            <axis id="tool_L3" type="spindle" x="0.00000000" y="0.00000000" z="1.00000000" />
            <axis id="X2_SVP" type="translation" order="first" pos="head" x="0.00000000" y="-0.70710678" z="-0.70710678" minvalue="-250.00000000" maxvalue="0.00000000" />
            <axis id="Z2_SVP" type="translation" order="second" pos="head" x="1.00000000" y="0.00000000" z="0.00000000" minvalue="-350.00000000" maxvalue="350.00000000" />
            <axis id="T_f_axis" type="translation" order="third" pos="head" x="0.00000000" y="1.00000000" z="0.00000000" minvalue="0.00000000" maxvalue="0.00000000" />
            <axis id="Turret_1" type="rotation" order="first" pos="head" x="0.00000000" y="-0.70710683" z="-0.70710683" minvalue="80.00000000" maxvalue="80.00000000" rzx="492.00000000" rzy="-176.77668762" rzz="-176.77668762" />
            <use tool_name="tool_L3" workpiece_name="workpiece" />
        </post_settings>
        <post_settings id="Turret_1_tool_L3_3_Right">
            <post_data detection_mode="manual_mode" machine_type="mill" />
            <machine_dynamics feed_rate="5000.00" rapid_rate="10000.00" tool_change_time="5.00" />
            <axis id="tool_L3" type="spindle" x="0.00000000" y="0.00000000" z="1.00000000" />
            <axis id="X2_SVP" type="translation" order="first" pos="head" x="0.00000000" y="-0.70710678" z="-0.70710678" minvalue="-250.00000000" maxvalue="0.00000000" />
            <axis id="Z2_SVP" type="translation" order="second" pos="head" x="1.00000000" y="0.00000000" z="0.00000000" minvalue="-350.00000000" maxvalue="350.00000000" />
            <axis id="T_f_axis" type="translation" order="third" pos="head" x="0.00000000" y="1.00000000" z="0.00000000" minvalue="0.00000000" maxvalue="0.00000000" />
            <axis id="Turret_1" type="rotation" order="first" pos="head" x="0.00000000" y="-0.70710683" z="-0.70710683" minvalue="260.00000000" maxvalue="260.00000000" rzx="492.00000000" rzy="-176.77668762" rzz="-176.77668762" />
            <use tool_name="tool_L3" workpiece_name="workpiece" />
        </post_settings>
    </post_definition>
</machine_definition>
